,country,flag_source,flag_image
0,afghanistan,http://flagpedia.net/afghanistan,flags.fmcdn.net/data/flags/w580/af.png
1,albania,http://flagpedia.net/albania,flags.fmcdn.net/data/flags/w580/al.png
2,algeria,http://flagpedia.net/algeria,flags.fmcdn.net/data/flags/w580/dz.png
3,andorra,http://flagpedia.net/andorra,flags.fmcdn.net/data/flags/w580/ad.png
4,angola,http://flagpedia.net/angola,flags.fmcdn.net/data/flags/w580/ao.png
5,antigua-and-barbuda,http://flagpedia.net/antigua-and-barbuda,flags.fmcdn.net/data/flags/w580/ag.png
6,argentina,http://flagpedia.net/argentina,flags.fmcdn.net/data/flags/w580/ar.png
7,armenia,http://flagpedia.net/armenia,flags.fmcdn.net/data/flags/w580/am.png
8,australia,http://flagpedia.net/australia,flags.fmcdn.net/data/flags/w580/au.png
9,austria,http://flagpedia.net/austria,flags.fmcdn.net/data/flags/w580/at.png
10,azerbaijan,http://flagpedia.net/azerbaijan,flags.fmcdn.net/data/flags/w580/az.png
11,the-bahamas,http://flagpedia.net/the-bahamas,flags.fmcdn.net/data/flags/w580/bs.png
12,bahrain,http://flagpedia.net/bahrain,flags.fmcdn.net/data/flags/w580/bh.png
13,bangladesh,http://flagpedia.net/bangladesh,flags.fmcdn.net/data/flags/w580/bd.png
14,barbados,http://flagpedia.net/barbados,flags.fmcdn.net/data/flags/w580/bb.png
15,belarus,http://flagpedia.net/belarus,flags.fmcdn.net/data/flags/w580/by.png
16,belgium,http://flagpedia.net/belgium,flags.fmcdn.net/data/flags/w580/be.png
17,belize,http://flagpedia.net/belize,flags.fmcdn.net/data/flags/w580/bz.png
18,benin,http://flagpedia.net/benin,flags.fmcdn.net/data/flags/w580/bj.png
19,bhutan,http://flagpedia.net/bhutan,flags.fmcdn.net/data/flags/w580/bt.png
20,bolivia,http://flagpedia.net/bolivia,flags.fmcdn.net/data/flags/w580/bo.png
21,bosnia-and-herzegovina,http://flagpedia.net/bosnia-and-herzegovina,flags.fmcdn.net/data/flags/w580/ba.png
22,botswana,http://flagpedia.net/botswana,flags.fmcdn.net/data/flags/w580/bw.png
23,brazil,http://flagpedia.net/brazil,flags.fmcdn.net/data/flags/w580/br.png
24,brunei,http://flagpedia.net/brunei,flags.fmcdn.net/data/flags/w580/bn.png
25,bulgaria,http://flagpedia.net/bulgaria,flags.fmcdn.net/data/flags/w580/bg.png
26,burkina-faso,http://flagpedia.net/burkina-faso,flags.fmcdn.net/data/flags/w580/bf.png
27,burundi,http://flagpedia.net/burundi,flags.fmcdn.net/data/flags/w580/bi.png
28,cambodia,http://flagpedia.net/cambodia,flags.fmcdn.net/data/flags/w580/kh.png
29,cameroon,http://flagpedia.net/cameroon,flags.fmcdn.net/data/flags/w580/cm.png
30,canada,http://flagpedia.net/canada,flags.fmcdn.net/data/flags/w580/ca.png
31,cape-verde,http://flagpedia.net/cape-verde,flags.fmcdn.net/data/flags/w580/cv.png
32,the-central-african-republic,http://flagpedia.net/the-central-african-republic,flags.fmcdn.net/data/flags/w580/cf.png
33,chad,http://flagpedia.net/chad,flags.fmcdn.net/data/flags/w580/td.png
34,chile,http://flagpedia.net/chile,flags.fmcdn.net/data/flags/w580/cl.png
35,colombia,http://flagpedia.net/colombia,flags.fmcdn.net/data/flags/w580/co.png
36,the-comoros,http://flagpedia.net/the-comoros,flags.fmcdn.net/data/flags/w580/km.png
37,cook-islands,http://flagpedia.net/cook-islands,flags.fmcdn.net/data/flags/w580/ck.png
38,costa-rica,http://flagpedia.net/costa-rica,flags.fmcdn.net/data/flags/w580/cr.png
39,cote-d-ivoire,http://flagpedia.net/cote-d-ivoire,flags.fmcdn.net/data/flags/w580/ci.png
40,croatia,http://flagpedia.net/croatia,flags.fmcdn.net/data/flags/w580/hr.png
41,cuba,http://flagpedia.net/cuba,flags.fmcdn.net/data/flags/w580/cu.png
42,cyprus,http://flagpedia.net/cyprus,flags.fmcdn.net/data/flags/w580/cy.png
43,the-czech-republic,http://flagpedia.net/the-czech-republic,flags.fmcdn.net/data/flags/w580/cz.png
44,the-democratic-republic-of-the-congo,http://flagpedia.net/the-democratic-republic-of-the-congo,flags.fmcdn.net/data/flags/w580/cd.png
45,denmark,http://flagpedia.net/denmark,flags.fmcdn.net/data/flags/w580/dk.png
46,djibouti,http://flagpedia.net/djibouti,flags.fmcdn.net/data/flags/w580/dj.png
47,dominica,http://flagpedia.net/dominica,flags.fmcdn.net/data/flags/w580/dm.png
48,the-dominican-republic,http://flagpedia.net/the-dominican-republic,flags.fmcdn.net/data/flags/w580/do.png
49,east-timor,http://flagpedia.net/east-timor,flags.fmcdn.net/data/flags/w580/tl.png
50,ecuador,http://flagpedia.net/ecuador,flags.fmcdn.net/data/flags/w580/ec.png
51,egypt,http://flagpedia.net/egypt,flags.fmcdn.net/data/flags/w580/eg.png
52,el-salvador,http://flagpedia.net/el-salvador,flags.fmcdn.net/data/flags/w580/sv.png
53,equatorial-guinea,http://flagpedia.net/equatorial-guinea,flags.fmcdn.net/data/flags/w580/gq.png
54,eritrea,http://flagpedia.net/eritrea,flags.fmcdn.net/data/flags/w580/er.png
55,estonia,http://flagpedia.net/estonia,flags.fmcdn.net/data/flags/w580/ee.png
56,ethiopia,http://flagpedia.net/ethiopia,flags.fmcdn.net/data/flags/w580/et.png
57,fiji,http://flagpedia.net/fiji,flags.fmcdn.net/data/flags/w580/fj.png
58,finland,http://flagpedia.net/finland,flags.fmcdn.net/data/flags/w580/fi.png
59,france,http://flagpedia.net/france,flags.fmcdn.net/data/flags/w580/fr.png
60,gabon,http://flagpedia.net/gabon,flags.fmcdn.net/data/flags/w580/ga.png
61,the-gambia,http://flagpedia.net/the-gambia,flags.fmcdn.net/data/flags/w580/gm.png
62,georgia,http://flagpedia.net/georgia,flags.fmcdn.net/data/flags/w580/ge.png
63,germany,http://flagpedia.net/germany,flags.fmcdn.net/data/flags/w580/de.png
64,ghana,http://flagpedia.net/ghana,flags.fmcdn.net/data/flags/w580/gh.png
65,greece,http://flagpedia.net/greece,flags.fmcdn.net/data/flags/w580/gr.png
66,grenada,http://flagpedia.net/grenada,flags.fmcdn.net/data/flags/w580/gd.png
67,guatemala,http://flagpedia.net/guatemala,flags.fmcdn.net/data/flags/w580/gt.png
68,guinea,http://flagpedia.net/guinea,flags.fmcdn.net/data/flags/w580/gn.png
69,guinea-bissau,http://flagpedia.net/guinea-bissau,flags.fmcdn.net/data/flags/w580/gw.png
70,guyana,http://flagpedia.net/guyana,flags.fmcdn.net/data/flags/w580/gy.png
71,haiti,http://flagpedia.net/haiti,flags.fmcdn.net/data/flags/w580/ht.png
72,honduras,http://flagpedia.net/honduras,flags.fmcdn.net/data/flags/w580/hn.png
73,hungary,http://flagpedia.net/hungary,flags.fmcdn.net/data/flags/w580/hu.png
74,iceland,http://flagpedia.net/iceland,flags.fmcdn.net/data/flags/w580/is.png
75,india,http://flagpedia.net/india,flags.fmcdn.net/data/flags/w580/in.png
76,indonesia,http://flagpedia.net/indonesia,flags.fmcdn.net/data/flags/w580/id.png
77,iran,http://flagpedia.net/iran,flags.fmcdn.net/data/flags/w580/ir.png
78,iraq,http://flagpedia.net/iraq,flags.fmcdn.net/data/flags/w580/iq.png
79,ireland,http://flagpedia.net/ireland,flags.fmcdn.net/data/flags/w580/ie.png
80,israel,http://flagpedia.net/israel,flags.fmcdn.net/data/flags/w580/il.png
81,italy,http://flagpedia.net/italy,flags.fmcdn.net/data/flags/w580/it.png
82,jamaica,http://flagpedia.net/jamaica,flags.fmcdn.net/data/flags/w580/jm.png
83,japan,http://flagpedia.net/japan,flags.fmcdn.net/data/flags/w580/jp.png
84,jordan,http://flagpedia.net/jordan,flags.fmcdn.net/data/flags/w580/jo.png
85,kazakhstan,http://flagpedia.net/kazakhstan,flags.fmcdn.net/data/flags/w580/kz.png
86,kenya,http://flagpedia.net/kenya,flags.fmcdn.net/data/flags/w580/ke.png
87,kiribati,http://flagpedia.net/kiribati,flags.fmcdn.net/data/flags/w580/ki.png
88,kosovo,http://flagpedia.net/kosovo,flags.fmcdn.net/data/flags/w580/ks.png
89,kuwait,http://flagpedia.net/kuwait,flags.fmcdn.net/data/flags/w580/kw.png
90,kyrgyzstan,http://flagpedia.net/kyrgyzstan,flags.fmcdn.net/data/flags/w580/kg.png
91,laos,http://flagpedia.net/laos,flags.fmcdn.net/data/flags/w580/la.png
92,latvia,http://flagpedia.net/latvia,flags.fmcdn.net/data/flags/w580/lv.png
93,lebanon,http://flagpedia.net/lebanon,flags.fmcdn.net/data/flags/w580/lb.png
94,lesotho,http://flagpedia.net/lesotho,flags.fmcdn.net/data/flags/w580/ls.png
95,liberia,http://flagpedia.net/liberia,flags.fmcdn.net/data/flags/w580/lr.png
96,libya,http://flagpedia.net/libya,flags.fmcdn.net/data/flags/w580/ly.png
97,liechtenstein,http://flagpedia.net/liechtenstein,flags.fmcdn.net/data/flags/w580/li.png
98,lithuania,http://flagpedia.net/lithuania,flags.fmcdn.net/data/flags/w580/lt.png
99,luxembourg,http://flagpedia.net/luxembourg,flags.fmcdn.net/data/flags/w580/lu.png
100,macedonia,http://flagpedia.net/macedonia,flags.fmcdn.net/data/flags/w580/mk.png
101,madagascar,http://flagpedia.net/madagascar,flags.fmcdn.net/data/flags/w580/mg.png
102,malawi,http://flagpedia.net/malawi,flags.fmcdn.net/data/flags/w580/mw.png
103,malaysia,http://flagpedia.net/malaysia,flags.fmcdn.net/data/flags/w580/my.png
104,maldives,http://flagpedia.net/maldives,flags.fmcdn.net/data/flags/w580/mv.png
105,mali,http://flagpedia.net/mali,flags.fmcdn.net/data/flags/w580/ml.png
106,malta,http://flagpedia.net/malta,flags.fmcdn.net/data/flags/w580/mt.png
107,the-marshall-islands,http://flagpedia.net/the-marshall-islands,flags.fmcdn.net/data/flags/w580/mh.png
108,mauritania,http://flagpedia.net/mauritania,flags.fmcdn.net/data/flags/w580/mr.png
109,mauritius,http://flagpedia.net/mauritius,flags.fmcdn.net/data/flags/w580/mu.png
110,mexico,http://flagpedia.net/mexico,flags.fmcdn.net/data/flags/w580/mx.png
111,micronesia,http://flagpedia.net/micronesia,flags.fmcdn.net/data/flags/w580/fm.png
112,moldova,http://flagpedia.net/moldova,flags.fmcdn.net/data/flags/w580/md.png
113,monaco,http://flagpedia.net/monaco,flags.fmcdn.net/data/flags/w580/mc.png
114,mongolia,http://flagpedia.net/mongolia,flags.fmcdn.net/data/flags/w580/mn.png
115,montenegro,http://flagpedia.net/montenegro,flags.fmcdn.net/data/flags/w580/me.png
116,morocco,http://flagpedia.net/morocco,flags.fmcdn.net/data/flags/w580/ma.png
117,mozambique,http://flagpedia.net/mozambique,flags.fmcdn.net/data/flags/w580/mz.png
118,myanmar,http://flagpedia.net/myanmar,flags.fmcdn.net/data/flags/w580/mm.png
119,namibia,http://flagpedia.net/namibia,flags.fmcdn.net/data/flags/w580/na.png
120,nauru,http://flagpedia.net/nauru,flags.fmcdn.net/data/flags/w580/nr.png
121,nepal,http://flagpedia.net/nepal,flags.fmcdn.net/data/flags/w580/np.png
122,the-netherlands,http://flagpedia.net/the-netherlands,flags.fmcdn.net/data/flags/w580/nl.png
123,new-zealand,http://flagpedia.net/new-zealand,flags.fmcdn.net/data/flags/w580/nz.png
124,nicaragua,http://flagpedia.net/nicaragua,flags.fmcdn.net/data/flags/w580/ni.png
125,niger,http://flagpedia.net/niger,flags.fmcdn.net/data/flags/w580/ne.png
126,nigeria,http://flagpedia.net/nigeria,flags.fmcdn.net/data/flags/w580/ng.png
127,niue,http://flagpedia.net/niue,flags.fmcdn.net/data/flags/w580/nu.png
128,north-korea,http://flagpedia.net/north-korea,flags.fmcdn.net/data/flags/w580/kp.png
129,norway,http://flagpedia.net/norway,flags.fmcdn.net/data/flags/w580/no.png
130,oman,http://flagpedia.net/oman,flags.fmcdn.net/data/flags/w580/om.png
131,pakistan,http://flagpedia.net/pakistan,flags.fmcdn.net/data/flags/w580/pk.png
132,palau,http://flagpedia.net/palau,flags.fmcdn.net/data/flags/w580/pw.png
133,panama,http://flagpedia.net/panama,flags.fmcdn.net/data/flags/w580/pa.png
134,papua-new-guinea,http://flagpedia.net/papua-new-guinea,flags.fmcdn.net/data/flags/w580/pg.png
135,paraguay,http://flagpedia.net/paraguay,flags.fmcdn.net/data/flags/w580/py.png
136,the-people-s-republic-of-china,http://flagpedia.net/the-people-s-republic-of-china,flags.fmcdn.net/data/flags/w580/cn.png
137,peru,http://flagpedia.net/peru,flags.fmcdn.net/data/flags/w580/pe.png
138,the-philippines,http://flagpedia.net/the-philippines,flags.fmcdn.net/data/flags/w580/ph.png
139,poland,http://flagpedia.net/poland,flags.fmcdn.net/data/flags/w580/pl.png
140,portugal,http://flagpedia.net/portugal,flags.fmcdn.net/data/flags/w580/pt.png
141,qatar,http://flagpedia.net/qatar,flags.fmcdn.net/data/flags/w580/qa.png
142,the-republic-of-china,http://flagpedia.net/the-republic-of-china,flags.fmcdn.net/data/flags/w580/tw.png
143,the-republic-of-the-congo,http://flagpedia.net/the-republic-of-the-congo,flags.fmcdn.net/data/flags/w580/cg.png
144,romania,http://flagpedia.net/romania,flags.fmcdn.net/data/flags/w580/ro.png
145,russia,http://flagpedia.net/russia,flags.fmcdn.net/data/flags/w580/ru.png
146,rwanda,http://flagpedia.net/rwanda,flags.fmcdn.net/data/flags/w580/rw.png
147,saint-kitts-and-nevis,http://flagpedia.net/saint-kitts-and-nevis,flags.fmcdn.net/data/flags/w580/kn.png
148,saint-lucia,http://flagpedia.net/saint-lucia,flags.fmcdn.net/data/flags/w580/lc.png
149,saint-vincent-and-the-grenadines,http://flagpedia.net/saint-vincent-and-the-grenadines,flags.fmcdn.net/data/flags/w580/vc.png
150,samoa,http://flagpedia.net/samoa,flags.fmcdn.net/data/flags/w580/ws.png
151,san-marino,http://flagpedia.net/san-marino,flags.fmcdn.net/data/flags/w580/sm.png
152,sao-tome-and-principe,http://flagpedia.net/sao-tome-and-principe,flags.fmcdn.net/data/flags/w580/st.png
153,saudi-arabia,http://flagpedia.net/saudi-arabia,flags.fmcdn.net/data/flags/w580/sa.png
154,senegal,http://flagpedia.net/senegal,flags.fmcdn.net/data/flags/w580/sn.png
155,serbia,http://flagpedia.net/serbia,flags.fmcdn.net/data/flags/w580/rs.png
156,the-seychelles,http://flagpedia.net/the-seychelles,flags.fmcdn.net/data/flags/w580/sc.png
157,sierra-leone,http://flagpedia.net/sierra-leone,flags.fmcdn.net/data/flags/w580/sl.png
158,singapore,http://flagpedia.net/singapore,flags.fmcdn.net/data/flags/w580/sg.png
159,slovakia,http://flagpedia.net/slovakia,flags.fmcdn.net/data/flags/w580/sk.png
160,slovenia,http://flagpedia.net/slovenia,flags.fmcdn.net/data/flags/w580/si.png
161,the-solomon-islands,http://flagpedia.net/the-solomon-islands,flags.fmcdn.net/data/flags/w580/sb.png
162,somalia,http://flagpedia.net/somalia,flags.fmcdn.net/data/flags/w580/so.png
163,south-africa,http://flagpedia.net/south-africa,flags.fmcdn.net/data/flags/w580/za.png
164,south-korea,http://flagpedia.net/south-korea,flags.fmcdn.net/data/flags/w580/kr.png
165,south-sudan,http://flagpedia.net/south-sudan,flags.fmcdn.net/data/flags/w580/ss.png
166,spain,http://flagpedia.net/spain,flags.fmcdn.net/data/flags/w580/es.png
167,sri-lanka,http://flagpedia.net/sri-lanka,flags.fmcdn.net/data/flags/w580/lk.png
168,sudan,http://flagpedia.net/sudan,flags.fmcdn.net/data/flags/w580/sd.png
169,suriname,http://flagpedia.net/suriname,flags.fmcdn.net/data/flags/w580/sr.png
170,swaziland,http://flagpedia.net/swaziland,flags.fmcdn.net/data/flags/w580/sz.png
171,sweden,http://flagpedia.net/sweden,flags.fmcdn.net/data/flags/w580/se.png
172,switzerland,http://flagpedia.net/switzerland,flags.fmcdn.net/data/flags/w580/ch.png
173,syria,http://flagpedia.net/syria,flags.fmcdn.net/data/flags/w580/sy.png
174,tajikistan,http://flagpedia.net/tajikistan,flags.fmcdn.net/data/flags/w580/tj.png
175,tanzania,http://flagpedia.net/tanzania,flags.fmcdn.net/data/flags/w580/tz.png
176,thailand,http://flagpedia.net/thailand,flags.fmcdn.net/data/flags/w580/th.png
177,togo,http://flagpedia.net/togo,flags.fmcdn.net/data/flags/w580/tg.png
178,tonga,http://flagpedia.net/tonga,flags.fmcdn.net/data/flags/w580/to.png
179,trinidad-and-tobago,http://flagpedia.net/trinidad-and-tobago,flags.fmcdn.net/data/flags/w580/tt.png
180,tunisia,http://flagpedia.net/tunisia,flags.fmcdn.net/data/flags/w580/tn.png
181,turkey,http://flagpedia.net/turkey,flags.fmcdn.net/data/flags/w580/tr.png
182,turkmenistan,http://flagpedia.net/turkmenistan,flags.fmcdn.net/data/flags/w580/tm.png
183,tuvalu,http://flagpedia.net/tuvalu,flags.fmcdn.net/data/flags/w580/tv.png
184,uganda,http://flagpedia.net/uganda,flags.fmcdn.net/data/flags/w580/ug.png
185,ukraine,http://flagpedia.net/ukraine,flags.fmcdn.net/data/flags/w580/ua.png
186,the-united-arab-emirates,http://flagpedia.net/the-united-arab-emirates,flags.fmcdn.net/data/flags/w580/ae.png
187,the-united-kingdom,http://flagpedia.net/the-united-kingdom,flags.fmcdn.net/data/flags/w580/gb.png
188,the-united-states,http://flagpedia.net/the-united-states,flags.fmcdn.net/data/flags/w580/us.png
189,uruguay,http://flagpedia.net/uruguay,flags.fmcdn.net/data/flags/w580/uy.png
190,uzbekistan,http://flagpedia.net/uzbekistan,flags.fmcdn.net/data/flags/w580/uz.png
191,vanuatu,http://flagpedia.net/vanuatu,flags.fmcdn.net/data/flags/w580/vu.png
192,the-vatican-city,http://flagpedia.net/the-vatican-city,flags.fmcdn.net/data/flags/w580/va.png
193,venezuela,http://flagpedia.net/venezuela,flags.fmcdn.net/data/flags/w580/ve.png
194,vietnam,http://flagpedia.net/vietnam,flags.fmcdn.net/data/flags/w580/vn.png
195,western-sahara,http://flagpedia.net/western-sahara,flags.fmcdn.net/data/flags/w580/eh.png
196,yemen,http://flagpedia.net/yemen,flags.fmcdn.net/data/flags/w580/ye.png
197,zambia,http://flagpedia.net/zambia,flags.fmcdn.net/data/flags/w580/zm.png
198,zimbabwe,http://flagpedia.net/zimbabwe,flags.fmcdn.net/data/flags/w580/zw.png
